http://www.eledia.ru/publ/40-1-0-1283,Cостояние психомоторного возбуждения,"['RP1', 'PC55', 'PC1', 'VG16', 'VG15', 'VG14', 'VG12', 'MC8', 'C7', 'F3', 'F8', 'VB25']"
http://www.eledia.ru/publ/41-1-0-1120,Oмартрит (воспаление плечевого сустава),"['GI4', 'GI11', 'GI14', 'GI5', 'IG6', 'IG10', 'V11', 'VG26', 'TR14', 'РС127']"
http://www.eledia.ru/publ/40-1-0-777,Агрессия,"['PC1', 'RP1', 'VG16', 'РС55', 'VG12', 'С8', 'C5', 'VG14', 'VG15']"
http://www.eledia.ru/publ/39-1-0-779,Алкогольная никотиновая зависимость,"['GI4', 'E36', 'VC15', 'VG25', 'VG19']"
http://www.eledia.ru/publ/43-1-0-781,Аллергический ринит (сенная лихорадка),"['GI4', 'E36', 'VC15', 'GI11', 'VG20', 'VB20', 'V2', 'VG21', 'PC3', 'GI19', 'GI20', 'VG23', 'V1']"
http://www.eledia.ru/publ/42-1-0-784,Анемия,"['E36', 'V20', 'V17']"
http://www.eledia.ru/publ/44-1-0-791,Аппендицит,"['E36', 'VC4', 'GI11', 'V20', 'V25', 'РС85', 'E44', 'Е25', 'РС142', 'E37', 'RP13']"
http://www.eledia.ru/publ/42-1-0-792,Аритмия,"['E36', 'VC14', 'MC6', 'МС5', 'С9', 'C7', 'C5', 'GI15', 'VC17', 'V15', 'MC4', 'VC15']"
http://www.eledia.ru/publ/41-1-0-1299,Артрит «теннисный локоть»,"['GI4', 'GI10', 'GI11', 'GI15', 'IG6', 'IG4', 'V11', 'C3', 'TR5', 'TR10', 'VG26', 'P5']"
http://www.eledia.ru/publ/41-1-0-798,Артрит запястья,"['GI4', 'GI5', 'GI11', 'GI15', 'IG5', 'IG6', 'V11', 'VG26', 'TR4', 'MC7']"
http://www.eledia.ru/publ/41-1-0-796,Артрит лопатки,"['GI4', 'V20', 'V13', 'V17', 'V48', 'IG11', 'IG12', 'IG14']"
http://www.eledia.ru/publ/41-1-0-797,Артрит пальцев,"['V11', 'RP4', 'VG26', 'VB31', 'РС137', 'V66', 'GI4', 'GI11', 'GI15', 'РС107', 'IG3', 'IG6']"
http://www.eledia.ru/publ/41-1-0-794,Артрит руки и плеча,"['GI4', 'GI11', 'GI14', 'GI15', 'IG6', 'IG9', 'IG10', 'VG26', 'V11', 'TR14']"
http://www.eledia.ru/publ/41-1-0-1115,артрит-воспаление локтевого сустава,"['GI4', 'GI11', 'GI15', 'TR5', 'TR10', 'C3', 'VG26', 'P5', 'V11', 'IG4', 'IG6']"
http://www.eledia.ru/publ/44-1-0-801,Атонический запор (парез кишечника),"['E36', 'Е25', 'E37', 'GI4', 'GI10', 'GI11', 'V25', 'RP15']"
http://www.eledia.ru/publ/41-1-0-803,Атрофия мышц верхних конечностей,"['GI4', 'GI11', 'GI15', 'TR5', 'R7']"
http://www.eledia.ru/publ/41-1-0-802,Атрофия мышц стопы,"['E36', 'Е41', 'Е42', 'VB34', 'VB30', 'VB37', 'VB41', 'V54', 'R7']"
http://www.eledia.ru/publ/40-1-0-1310,Беспокойный сон,"['E36', 'E45', 'RP1', 'V18', 'VG16', 'VG15', 'PC55', 'PC1', 'РС152', 'C7', 'VC12', 'VC17']"
http://www.eledia.ru/publ/40-1-0-1038,Бессоница,"['RP6', 'RP1', 'E36', 'C7', 'MC6', 'V10', 'VG16', 'VG15', 'РС55', 'R3']"
http://www.eledia.ru/publ/40-1-0-903,"""Бессоница, беспокойный сон""","['РС55', 'PC1', 'PC3', 'VG16', 'VG12', 'VG14', 'VG15', 'VG4', 'RP1', 'MC8', 'VC12']"
http://www.eledia.ru/publ/41-1-0-1184,Болезненные отеки ног,"['VB31', 'RP4', 'V11', 'E44', 'Е43', 'Е41', 'VG26', 'РС137']"
http://www.eledia.ru/publ/43-1-0-1185,Болезненные фарингит и ларингит,"['GI1', 'GI2', 'GI3', 'GI4', 'GI11', 'TR1']"
http://www.eledia.ru/publ/41-1-0-1180,Болезненный мышечный тонус в задней части шеи,"['GI4', 'РС108', 'F3', 'V11', 'V10', 'V67', 'V65', 'VB39']"
http://www.eledia.ru/publ/41-1-0-1179,Болезненный мышечный тонус в пояснично-крестцовой области,"['GI4', 'V25']"
http://www.eledia.ru/publ/41-1-0-1182,Болезненный мышечный тонус грудной мышцы позвоночника,"['GI4', 'V13', 'V20', 'V17', 'VG9']"
http://www.eledia.ru/publ/41-1-0-1181,Болезненный мышечный тонус затылочных мышц,"['GI4', 'IG3', 'IG6', 'VG16', 'VB36']"
http://www.eledia.ru/publ/41-1-0-1183,Болезненный отек лодыжки,"['VB39', 'VB31', 'VG26', 'V11', 'V59', 'V60', 'Е41']"
http://www.eledia.ru/publ/39-1-0-782,Болезнь Альцгеймера,"['VG15', 'VG20', 'VG23', 'Е8', 'VB20', 'GI11', 'IG6', 'MC6', 'RP2', 'F3', 'R3']"
http://www.eledia.ru/publ/39-1-0-1076,Болезнь Меньера,"['VG20', 'IG19', 'IG4', 'VB2', 'VB20', 'VB44', 'V62', 'TR10', 'TR17', 'TR21']"
http://www.eledia.ru/publ/39-1-0-1211,Болезнь Паркинсона,"['VG20', 'TR5', 'TR10']"
http://www.eledia.ru/publ/41-1-0-1167,Боли в бедре,"['GI4', 'VB40', 'VB30', 'VB37', 'VB29', 'РС75', 'V40', 'V65', 'V64', 'V36', 'F5']"
http://www.eledia.ru/publ/41-1-0-1190,Боли в локтевом суставе,"['GI4', 'GI11', 'GI15', 'P5', 'P6', 'IG6', 'IG7', 'IG8', 'V11', 'C5', 'C3', 'VG26']"
http://www.eledia.ru/publ/41-1-0-1168,Боли в области большеберцовой кости,"['GI4', 'VB39', 'VB31', 'VG26', 'V11', 'V60', 'Е41', 'РС144']"
http://www.eledia.ru/publ/41-1-0-1141,Боли в пальцах,"['GI4', 'GI11', 'GI15', 'IG6', 'IG7', 'VG26', 'РС107', 'РС102', 'V11']"
http://www.eledia.ru/publ/41-1-0-1192,Боли в плечевом суставе,"['GI4', 'GI11', 'GI14', 'GI15', 'IG6', 'IG12', 'V11', 'V42', 'VG26', 'TR14', 'МС1']"
http://www.eledia.ru/publ/41-1-0-1160,Боли в пяточной кости,"['GI4', 'VG26', 'V11', 'RP3', 'RP4', 'VB31']"
http://www.eledia.ru/publ/41-1-0-1189,"""Боли в спине, боковых участках нижних конечностей""","['GI4', 'VB30', 'VB40', 'VB37', 'VB29', 'РС75', 'V40', 'V64', 'V65', 'Е33']"
http://www.eledia.ru/publ/44-1-0-928,Боли в эпигастрии,"['GI4', 'E36', 'E37', 'Е40', 'E44', 'RP6', 'RP9', 'VC3', 'VC4', 'VC6', 'VC8', 'F13']"
http://www.eledia.ru/publ/41-1-0-1152,Боль в боковой стороне бедра,"['GI4', 'VB29', 'VB30', 'VB36', 'VB37', 'VB38', 'VB40', 'РС75', 'V40', 'V64', 'V65']"
http://www.eledia.ru/publ/41-1-0-1151,Боль в боковой стороне груди,"['GI4', 'VG9', 'VG12', 'Е13']"
http://www.eledia.ru/publ/41-1-0-1150,Боль в боковой стороне руки,"['GI4', 'GI16', 'TR5', 'IG5', 'IG12']"
http://www.eledia.ru/publ/41-1-0-1166,Боль в височно-нижнечелюстном суставе,"['GI4', 'E2', 'Е6', 'Е7', 'IG19', 'VB7']"
http://www.eledia.ru/publ/41-1-0-1162,Боль в голени,"['GI4', 'VB29', 'VB30', 'VB37', 'VB39', 'VB40', 'РС75', 'V40', 'V57', 'V58', 'F3']"
http://www.eledia.ru/publ/39-1-0-1139,Боль в грудной клетке и суб-реберной области,"['GI4', 'VB25', 'VB34', 'VB39', 'VB40', 'VB41', 'VB43', 'F14']"
http://www.eledia.ru/publ/41-1-0-1142,Боль в задней части ноги,"['GI4', 'V11', 'VG26', 'E44', 'Е42', 'VB31']"
http://www.eledia.ru/publ/41-1-0-1172,Боль в запястье,"['GI4', 'GI5', 'GI11', 'GI15', 'TR4', 'TR8', 'C5', 'IG6', 'VG26', 'V11', 'MC7']"
http://www.eledia.ru/publ/41-1-0-967,Боль в коленном суставе,"['GI4', 'E36', 'Е34', 'VB34', 'VB39', 'VB30', 'V40', 'V11', 'RP10', 'RP9', 'VG26', 'PC156']"
http://www.eledia.ru/publ/41-1-0-1136,Боль в копчике,"['GI4', 'VB34', 'V60', 'V31', 'VG2']"
http://www.eledia.ru/publ/41-1-0-1161,Боль в крестцово-тазобедренном суставе,"['GI4', 'VB29', 'VB25', 'V27']"
http://www.eledia.ru/publ/41-1-0-1134,Боль в локте и брахиалгия,"['GI4', 'GI11', 'GI14', 'GI15', 'V11', 'VG26', 'C3', 'IG6', 'IG11', 'TR10', 'P5', 'MC3']"
http://www.eledia.ru/publ/41-1-0-1158,Боль в медиальной стороне голени,"['GI4', 'РС75', 'VB30', 'VB40', 'VB37', 'VB36', 'VB29', 'V40', 'V64', 'V65', 'Е33']"
http://www.eledia.ru/publ/41-1-0-1157,Боль в медиальной стороне руки,"['GI4', 'GI16', 'TR5', 'P4', 'Р3', 'IG12', 'MC2']"
http://www.eledia.ru/publ/41-1-0-1159,Боль в медиальной стороны бедра,"['GI4', 'VB30', 'VB40', 'VB29', 'VB37', 'РС75', 'RP10', 'V40', 'V64', 'V65', 'F8']"
http://www.eledia.ru/publ/41-1-0-1153,Боль в мизинце,"['GI4', 'GI11', 'GI15', 'V11', 'IG6', 'IG8', 'VG26']"
http://www.eledia.ru/publ/41-1-0-1156,Боль в нижней челюсти,"['GI4', 'VG26', 'VC24', 'РС19']"
http://www.eledia.ru/publ/41-1-0-1163,Боль в области лопатки,"['GI4', 'V20', 'V11', 'V13', 'V17', 'V42', 'TR15', 'TR13', 'IG14', 'IG9', 'РС54']"
http://www.eledia.ru/publ/41-1-0-1154,Боль в области печени,"['GI4', 'F3', 'F13', 'F14', 'V18', 'V19', 'VB40', 'VB38', 'VB25', 'VB24']"
http://www.eledia.ru/publ/42-1-0-1147,Боль в области сердца,"['GI4', 'C5', 'C9', 'C3', 'C7', 'MC3', 'MC5', 'MC6', 'MC8', 'MC9', 'V15', 'VC14']"
http://www.eledia.ru/publ/41-1-0-1169,Боль в пальцах ног,"['VG26', 'GI4', 'V11', 'РС137', 'VB31']"
http://www.eledia.ru/publ/41-1-0-1155,Боль в пояснично-крестцовой области,"['GI4', 'V40', 'V21', 'V23', 'V28', 'V27', 'V36', 'V54', 'V52', 'VG4', 'VG1', 'VB31']"
http://www.eledia.ru/publ/41-1-0-1143,Боль в предплечье,"['GI4', 'GI6', 'GI16', 'TR15', 'TR9', 'TR8', 'TR7', 'TR5', 'TR4', 'TR3', 'РС114', 'РС115']"
http://www.eledia.ru/publ/41-1-0-1148,Боль в пятке,"['GI4', 'V60', 'V11', 'VG26', 'R4', 'VB31']"
http://www.eledia.ru/publ/41-1-0-1146,Боль в руке,"['GI4', 'GI11', 'GI15', 'VG26', 'V11', 'IG6', 'TR2']"
http://www.eledia.ru/publ/41-1-0-1135,Боль в спино-поясничной области,"['GI4', 'V19', 'V13', 'V20', 'V17', 'V18', 'V46', 'V49']"
http://www.eledia.ru/publ/41-1-0-1164,Боль в ступне,"['GI4', 'VG26', 'V11', 'VB31', 'РС132', 'РС134']"
http://www.eledia.ru/publ/41-1-0-1165,Боль в суставах стопы,"['GI4', 'VB40', 'VB39', 'VB41', 'VB31', 'V60', 'V11', 'V62', 'V63', 'Шэнь-май', 'VG26', 'RP5', 'Е41']"
http://www.eledia.ru/publ/41-1-0-1149,Боль в тазобедренной области,"['GI4', 'VB27']"
http://www.eledia.ru/publ/41-1-0-1145,Боль в ягодичной области,"['GI4', 'VB29', 'VB30', 'VB37', 'VB40', 'РС75', 'V36', 'V40', 'V64', 'V65', 'Е33']"
http://www.eledia.ru/publ/41-1-0-1133,Боль при выпрямлении руки в локтевом суставе,"['GI4', 'GI11', 'GI14', 'GI15', 'V11', 'VG26', 'C3', 'IG6', 'TR10', 'P6']"
http://www.eledia.ru/publ/41-1-0-1132,Боль при сгибании руки,"['GI4', 'GI11', 'GI14', 'GI15', 'GI16', 'V11', 'VG26', 'IG6', 'TR14']"
http://www.eledia.ru/publ/42-1-0-856,Брадикардия,"['E36', 'C5', 'С9', 'V15', 'MC6', 'VC14', 'VC15', 'VC17']"
http://www.eledia.ru/publ/41-1-0-855,Брахиалгия,"['GI4', 'GI11', 'GI15', 'TR2', 'TR5', 'TR7', 'TR8', 'TR14', 'TR15', 'МС5', 'IG7']"
http://www.eledia.ru/publ/42-1-0-1065,Варикозное розширение вен нижних конечностей,"['E36', 'F3', 'V60', 'RP5']"
http://www.eledia.ru/publ/40-1-0-1318,Вегетативный невроз,"['PC55', 'PC1', 'E36', 'RP1', 'VG16', 'VG15', 'VG14', 'VG20', 'VG26', 'V18', 'MC8', 'VC24']"
http://www.eledia.ru/publ/44-1-0-909,Вздутие живота,"['E36', 'E45', 'RP6', 'RP1', 'RP3', 'RP4', 'RP9', 'GI4', 'VC6', 'VC12', 'IG3', 'V22']"
http://www.eledia.ru/publ/41-1-0-1035,Воспаление височно-нижнечелюстного сустава,"['GI4', 'VB2', 'Е7']"
http://www.eledia.ru/publ/41-1-0-1037,Воспаление запястья,"['GI4', 'GI15', 'GI11', 'РС118', 'V11', 'TR4', 'VG26', 'IG6', 'IG4', 'MC7']"
http://www.eledia.ru/publ/42-1-0-1027,Воспаление лимфатических узлов толстой кишки,['РС129']
http://www.eledia.ru/publ/42-1-0-1029,Воспаление паховых лимфатических узлов,"['RP11', 'E31']"
http://www.eledia.ru/publ/42-1-0-1026,Воспаление подмышечных лимфатических узлов,"['VB40', 'VB22']"
http://www.eledia.ru/publ/41-1-0-1034,Воспаление предплюсневого сустава,"['VB39', 'VB31', 'V11', 'V60', 'R3', 'VG26', 'RP5', 'Е41']"
http://www.eledia.ru/publ/41-1-0-1036,Воспаление суставов ног,"['V11', 'VG26', 'VB31', 'Е41']"
http://www.eledia.ru/publ/44-1-0-1032,Воспаление толстой кишки,"['E36', 'E39', 'РС85', 'V25', 'V20', 'V21', 'V22', 'V26', 'VC4']"
http://www.eledia.ru/publ/44-1-0-1033,Воспаление тонкой кишки,"['E36', 'E39', 'РС85', 'V20', 'V21', 'V25', 'V27', 'VC4', 'VC10', 'RP5', 'VG5']"
http://www.eledia.ru/publ/41-1-0-1028,Воспалении суставов пальцев,"['GI4', 'GI11', 'V11', 'GI15', 'IG6', 'IG4', 'РС107', 'VG26']"
http://www.eledia.ru/publ/44-1-0-1235,Выпадение прямой кишки,"['E36', 'V57', 'V20', 'VG20', 'VG1', 'VC4', 'VC8', 'VC1', 'РС85', 'РС114']"
http://www.eledia.ru/publ/39-1-0-975,Галлюцинация,"['PC1', 'РС55', 'VG12', 'VG14', 'VG15', 'VG16', 'RP1', 'MC8', 'E45', 'VB24']"
http://www.eledia.ru/publ/44-1-0-955,Гастралгия,"['GI4', 'E36', 'E44', 'RP6', 'RP3', 'RP4', 'VC8', 'VC12', 'MC6', 'MC5', 'V21', 'V22']"
http://www.eledia.ru/publ/44-1-0-957,Гастрит,"['E36', 'Е25', 'Е20', 'Е21', 'E37', 'E39', 'V21', 'V18', 'V20', 'РС85', 'VC13', 'VC14']"
http://www.eledia.ru/publ/44-1-0-958,Гастродуоденит,"['E36', 'E37', 'V18', 'V20', 'VC12', 'VC13', 'VC14', 'РС85', 'RP5']"
http://www.eledia.ru/publ/44-1-0-959,Гастроптоз (опущение желудка),"['E36', 'E37', 'V18', 'V20', 'V21', 'VC10', 'VC12', 'VC14', 'РС85']"
http://www.eledia.ru/publ/39-1-0-994,Гемиплегия,"['E36', 'Е40', 'GI4', 'GI11', 'GI15', 'RP6', 'VB34', 'VB20', 'IG6', 'VG16', 'V40', 'TR5']"
http://www.eledia.ru/publ/42-1-0-973,Геморрагические диатезы (гемофилия),"['V20', 'V17', 'РС']"
http://www.eledia.ru/publ/42-1-0-1006,Гипертония,"['E36', 'Е9', 'GI11', 'PC3', 'F2', 'F3', 'VG15', 'VC6', 'VC12', 'C7', 'MC6', 'MC8']"
http://www.eledia.ru/publ/42-1-0-1010,Гипотония,"['VG26', 'PC86', 'R1', 'R7', 'C9', 'P11', 'P9']"
http://www.eledia.ru/publ/44-1-0-1009,Гипохлоргидрия,"['E36', 'Е40', 'VB34', 'F14', 'VC5']"
http://www.eledia.ru/publ/39-1-0-965,Глоссодиния,"['GI4', 'RP5']"
http://www.eledia.ru/publ/40-1-0-786,Гнев связанный с беспомощностью,"['PC1', 'VG', 'VG14', 'РС55', 'RP1', 'VG14', 'MC8', 'VG12', 'VG15']"
http://www.eledia.ru/publ/42-1-0-986,Головные боли в височной области,"['GI4', 'TR1', 'TR2', 'TR3', 'TR4', 'TR5', 'TR10', 'TR18', 'TR23', 'PC9', 'VB8', 'VB1']"
http://www.eledia.ru/publ/42-1-0-984,Головные боли в затылочной области,"['GI4', 'VB20', 'VB12', 'V10', 'V60', 'V62', 'V64', 'VG15', 'VG16', 'VG20', 'IG6', 'РС29']"
http://www.eledia.ru/publ/39-1-0-978,Головные боли вызванные депрессией,"['GI4', 'E36', 'RP1', 'VC6', 'C9', 'C5']"
http://www.eledia.ru/publ/39-1-0-979,Головные боли вызваны гормональными факторами,"['GI4', 'RP6', 'C5', 'VC6', 'Е7', 'V31']"
http://www.eledia.ru/publ/42-1-0-982,Головные боли вызваные изменениями погоды,"['GI4', 'VC12', 'VC9', 'TR23', 'TR3']"
http://www.eledia.ru/publ/42-1-0-981,Головные боли вызваные сосудистыми нарушениями,"['GI4', 'Е8', 'PC9', 'РС10']"
http://www.eledia.ru/publ/39-1-0-977,"""Головные боли, вызванные изменениями в шейном позвонке""","['GI4', 'VG14', 'VB20', 'VB21', 'V2', 'V10']"
http://www.eledia.ru/publ/42-1-0-988,"""Головные боли, связанные с гипертонией""","['GI4', 'F3', 'F2', 'MC9']"
http://www.eledia.ru/publ/43-1-0-990,"""Головные боли, связанные с дыхательной системой""","['GI4', 'P11']"
http://www.eledia.ru/publ/44-1-0-987,"""Головные боли, связанные с заболеваниями желудочно-кишечного тракта""","['GI4', 'GI7', 'E44']"
http://www.eledia.ru/publ/39-1-0-905,Головокружение,"['E36', 'VG15', 'VG16', 'VG20', 'VG21', 'PC1', 'PC3', 'F3', 'R1', 'VB20', 'TR3', 'V10']"
http://www.eledia.ru/publ/41-1-0-908,Головокружение вестибулярное,"['IG19', 'VG20', 'VG21', 'VG24', 'VB34', 'VB20', 'VB12', 'VB44', 'VB8', 'Е40', 'V62', 'V64']"
http://www.eledia.ru/publ/42-1-0-907,Головокружение и мерцание в глазах,"['GI4', 'E2', 'TR23', 'PC2', 'PC3', 'PC9', 'РС4', 'РС6', 'V2', 'VG18', 'VG19', 'VG24']"
http://www.eledia.ru/publ/42-1-0-906,Головокружение при патологии сердечно-сосудистой системы.,"['C9', 'VC6', 'MC9']"
http://www.eledia.ru/publ/41-1-0-898,Дегенеративные изменения коленного сустава,"['VG26', 'V11', 'Е34', 'VB31', 'РС145', 'F8']"
http://www.eledia.ru/publ/40-1-0-899,Депрессия,"['E36', 'RP6', 'VG16', 'VG15', 'VG12', 'VG14', 'C9', 'V15', 'RP1', 'PC1', 'РС55', 'F13', 'Е25', 'VC12', 'VC4', 'MC8']"
http://www.eledia.ru/publ/41-1-0-1289,Деформация задней части шеи,"['GI4', 'VG13']"
http://www.eledia.ru/publ/41-1-0-1288,Деформация мышц спины,"['GI4', 'V13', 'V17', 'V20', 'VG13']"
http://www.eledia.ru/publ/44-1-0-902,Диарея,"['GI4', 'E36', 'Е25', 'RP6', 'RP4', 'RP3', 'RP9', 'VC4', 'VC6', 'F13', 'F3', 'V25']"
http://www.eledia.ru/publ/39-1-0-910,Дизестезия пальцев,"['РС85', 'РС107', 'РС109', 'GI1', 'GI9', 'TR3', 'TR4', 'V11', 'IG2', 'IG7', 'IG12']"
http://www.eledia.ru/publ/39-1-0-915,Дискинезия верхних конечностей,"['РС115', 'RP21', 'TR7', 'TR8', 'IG10', 'IG7', 'IG9', 'GI14', 'GI16']"
http://www.eledia.ru/publ/39-1-0-914,Дискинезия нижних конечностей,"['V20', 'V36', 'V54', 'VB39', 'VB31', 'РС85', 'РС152', 'РС153', 'E39', 'Е34', 'Е42', 'R7']"
http://www.eledia.ru/publ/39-1-0-913,Дискинезия пальцев,"['GI4', 'GI11', 'GI15', 'TR3', 'TR4', 'TR5', 'МС3', 'РС85', 'РС107', 'V20', 'IG3']"
http://www.eledia.ru/publ/41-1-0-912,Дисфункция плечевого сустава и мышц руки,"['GI4', 'GI11', 'GI14', 'GI15', 'VG26', 'IG6', 'IG9', 'V11', 'TR14', 'TR15', 'VB21']"
http://www.eledia.ru/publ/44-1-0-1285,Желудочные колики,"['E36', 'Е21', 'Е23', 'R17']"
http://www.eledia.ru/publ/41-1-0-884,Заболевания соединительной ткани,"['GI4', 'GI11', 'E36', 'RP10', 'RР5', 'P7', 'VB31']"
http://www.eledia.ru/publ/39-1-0-1281,Заикание,"['E36', 'Е9', 'VC24', 'VC15', 'C5', 'P11', 'IG17', 'VG19']"
http://www.eledia.ru/publ/44-1-0-885,Запор,"['E36', 'Е25', 'Е30', 'Е30', 'GI4', 'V25', 'V40', 'V57', 'VC6', 'VC12', 'F1', 'RP3', 'TR6']"
http://www.eledia.ru/publ/44-1-0-970,Запор хронический,"['E36', 'VB34', 'VB28', 'V25']"
http://www.eledia.ru/publ/42-1-0-1013,Импотенция,"['E36', 'Е30', 'RP6', 'VG4', 'VC3', 'VC4', 'VC6', 'V23', 'R3', 'C9', 'MC6', 'F8']"
http://www.eledia.ru/publ/42-1-0-790,Инсульт,"['РС52', 'VG16', 'МС9', 'VB20', 'VG20', 'VG26', 'VC8', 'С9', 'R1', 'VC24', 'PC1', 'РС86']"
http://www.eledia.ru/publ/40-1-0-1012,Истерия,"['MC6', 'C7', 'VG16', 'R1', 'PC1', 'РС55', 'РС86', 'РС118', 'RP1', 'V15']"
http://www.eledia.ru/publ/43-1-0-891,Кашель,"['GI4', 'P7', 'Р5', 'Р1', 'P10', 'P11', 'V13', 'V11', 'R27', 'VG12', 'РС51', 'VC17']"
http://www.eledia.ru/publ/43-1-0-1236,Кашель с мокротой,"['E36', 'Е40', 'V20', 'GI18']"
http://www.eledia.ru/publ/44-1-0-1041,Кишечные колики,"['E36', 'Е29', 'Е30', 'GI4', 'F1', 'F3', 'F8', 'VB40', 'RP4', 'RP1', 'RP15', 'R11']"
http://www.eledia.ru/publ/41-1-0-892,Коксалгия,"['GI4', 'VB30', 'V11', 'V5', 'V40', 'VG26', 'VB31', 'VB29', 'РС159']"
http://www.eledia.ru/publ/41-1-0-893,Коксит,"['VB30', 'VB29', 'VB31', 'V11', 'V42', 'VG26']"
http://www.eledia.ru/publ/42-1-0-880,Коллапс-острая сосудистая недостаточность,"['VG26', 'GI1', 'С9', 'МС9', 'PC86', 'VC24', 'IG1', 'VB44']"
http://www.eledia.ru/publ/41-1-0-1125,Костно-суставные изменения в пальцах,"['GI4', 'GI11', 'GI15', 'IG6', 'TR5', 'VG26', 'V11']"
http://www.eledia.ru/publ/40-1-0-1105,Кошмары,"['VG16', 'VG15', 'VG14', 'VG12', 'VG4', 'PC1', 'PC55', 'MC8', 'VC14', 'VC12', 'E45', 'RP1']"
http://www.eledia.ru/publ/41-1-0-1305,Кривошея,"['GI4', 'GI14', 'VG15', 'IG3', 'IG6', 'IG7', 'IG15', 'VB20', 'VB36', 'VB39', 'V10', 'V64']"
http://www.eledia.ru/publ/43-1-0-806,Кровавая мокрота (Кашель с кровавой мокторой),"['RP6', 'Р5', 'Р6', 'P9', 'P10', 'Е40', 'V13', 'V43', 'R3', 'R4', 'VB34', 'GI16']"
http://www.eledia.ru/publ/44-1-0-971,Кровавая рвота (рвота с кровью),"['E36', 'Е40', 'F14', 'MC4', 'V5', 'РС']"
http://www.eledia.ru/publ/44-1-0-807,Кровавый стул,"['E36', 'РС', 'РС70']"
http://www.eledia.ru/publ/42-1-0-930,Кровотечение из носа,"['GI4', 'GI11', 'GI19', 'E36', 'E45', 'PC3', 'VB39', 'VB20', 'VG16', 'VG20', 'VG21', 'F3']"
http://www.eledia.ru/publ/43-1-0-1052,Ларингит,"['GI4', 'GI11', 'GI1', 'P11', 'P10', 'P5', 'V10', 'MC6', 'VC22', 'VC23', 'TR10', 'TR8']"
http://www.eledia.ru/publ/39-1-0-934,Лицевой паралич,"['GI4', 'GI9', 'E2', 'Е4', 'Е6', 'Е7', 'VC24', 'IG18', 'P7', 'TR23', 'VB2', 'V2']"
http://www.eledia.ru/publ/41-1-0-1066,Люмбаго,"['GI4', 'VG4', 'VG26', 'V23', 'V22', 'V25', 'V40', 'V57', 'V60', 'IG3', 'VB30', 'РС85']"
http://www.eledia.ru/publ/41-1-0-1067,Люмбалгия и боли в нижних конечностях,"['GI4', 'V65', 'V64', 'V63', 'Шэнь-май', 'V62', 'V60', 'V59', 'V58', 'V56', 'V55', 'VB31', 'VB34']"
http://www.eledia.ru/publ/40-1-0-1071,Маниакально-депрессивный синдром,"['PC1', 'РС55', 'GI11', 'VG1', 'VG12', 'VG14', 'VG15', 'VG16', 'Е40', 'E45', 'RP1', 'R1', 'MC8']"
http://www.eledia.ru/publ/40-1-0-1070,Мания,"['PC1', 'РС55', 'GI11', 'VG12', 'VG14', 'VG15', 'VG16', 'E45', 'RP1', 'R1', 'MC8']"
http://www.eledia.ru/publ/39-1-0-1040,Межреберная невралгия,"['GI4', 'F14', 'F13', 'VC17', 'VB39', 'VB25', 'VB43', 'C3', 'IG3', 'R27', 'V18', 'TR5']"
http://www.eledia.ru/publ/39-1-0-993,Мигрень,"['GI4', 'VB39', 'VB37', 'VB9', 'VB8', 'VB6', 'VB5', 'VB1', 'РС10', 'РС7', 'IG1', 'IG4']"
http://www.eledia.ru/publ/42-1-0-1084,Миокардит,"['E36', 'V15', 'MC6', 'MC7']"
http://www.eledia.ru/publ/41-1-0-1085,Миоспазм в локтевом суставе,"['VB34', 'C3']"
http://www.eledia.ru/publ/41-1-0-1087,Миоспазм глубоких ягодичных мышц,"['F12', 'V27', 'V28', 'V29']"
http://www.eledia.ru/publ/41-1-0-1086,Миоспазм из приводящей мышцы нижних конечностей,['F9']
http://www.eledia.ru/publ/41-1-0-1088,Миоспазм лицевого нерва,"['IG18', 'VB14', 'VB1', 'TR21', 'РС17']"
http://www.eledia.ru/publ/41-1-0-1091,Миоспазм мышц бедра,['VB30']
http://www.eledia.ru/publ/41-1-0-1090,Миоспазм мышц голени,"['V57', 'V39', 'VB36', 'VB38', 'VB39', 'RP5', 'R9', 'РС132', 'РС133', 'РС144', 'РС147', 'РС164']"
http://www.eledia.ru/publ/41-1-0-1089,Миоспазм мышц предплечья,"['VB34', 'MC5', 'IG7', 'C4']"
http://www.eledia.ru/publ/41-1-0-1092,Миоспазм пальцев,['РС151']
http://www.eledia.ru/publ/41-1-0-1080,Мышечные боли,"['GI4', 'VB21']"
http://www.eledia.ru/publ/41-1-0-1081,Мышечные боли и миоспазм мышц плеча,"['GI4', 'VB21', 'VB34', 'IG13']"
http://www.eledia.ru/publ/41-1-0-1082,Мышечные боли и миоспазм прямой мышцы живота,"['GI4', 'VB21', 'Е20']"
http://www.eledia.ru/publ/40-1-0-1113,Навязчивая идея,"['RP1', 'RP5', 'PC1', 'PC55', 'VG16', 'VG15', 'VG14', 'VG12', 'E45', 'MC8']"
http://www.eledia.ru/publ/42-1-0-904,Нарушения в кровоснабжении мозга,"['VG20', 'VG21', 'MC9', 'V10', 'VB20', 'VC6']"
http://www.eledia.ru/publ/42-1-0-879,Нарушения кровоснабжения верхних конечностей,"['GI4', 'GI11', 'GI10', 'IG3', 'МС9', 'R8']"
http://www.eledia.ru/publ/42-1-0-878,Нарушения кровоснабжения нижних конечностей (Перемежающаяся хромота ),"['E36', 'RP6', 'RP7', 'МС9', 'VB34', 'РС83', 'V40']"
http://www.eledia.ru/publ/39-1-0-1100,Невралгия второй ветки тройничного нерва,"['GI4', 'E2', 'Е4']"
http://www.eledia.ru/publ/39-1-0-976,Невралгия головы,"['GI4', 'РС28']"
http://www.eledia.ru/publ/39-1-0-1102,Невралгия локотевого нерва,"['GI4', 'GI16', 'TR5', 'C3', 'C4', 'IG12']"
http://www.eledia.ru/publ/39-1-0-1099,Невралгия первой ветки тройничного нерва,"['GI4', 'V2', 'PC9', 'VG23', 'VB14']"
http://www.eledia.ru/publ/39-1-0-1103,Невралгия плечевого сплетения,"['GI4', 'GI16', 'TR5', 'IG10', 'IG12', 'IG15']"
http://www.eledia.ru/publ/39-1-0-1101,Невралгия третьей ветки тройничного нерва,"['GI4', 'VC24', 'РС18']"
http://www.eledia.ru/publ/39-1-0-1307,Невралгия тройничного нерва,"['GI4', 'E2', 'Е4', 'ЕЗ', 'Е7', 'IG18', 'PC9', 'РС18', 'VC24', 'P7', 'VB2', 'V7']"
http://www.eledia.ru/publ/40-1-0-1104,Неврастения,"['RP6', 'RP1', 'GI4', 'E36', 'VC6', 'VC12', 'V22', 'V15', 'VG16', 'PC1', 'PC55', 'C5']"
http://www.eledia.ru/publ/44-1-0-1286,Невроз желудка,"['E36', 'Е21', 'E37', 'V18', 'V20', 'РС85', 'VC14']"
http://www.eledia.ru/publ/44-1-0-1016,Недержание газов,"['E36', 'V20', 'VC9', 'VC1', 'VC4', 'РС85']"
http://www.eledia.ru/publ/40-1-0-1098,Нервозность и чувствительность,"['E36', 'РС55', 'PC1', 'RP1', 'VG12', 'VG14', 'VG15', 'VG16', 'VG19', 'VG20', 'MC8', 'VC15']"
http://www.eledia.ru/publ/44-1-0-1017,Несварение,"['E36', 'Е40', 'E45', 'RP4', 'RP3', 'RP9', 'V20', 'V21', 'V22', 'VC12', 'VC14', 'F13']"
http://www.eledia.ru/publ/40-1-0-1014,Неспособность сосредоточить внимание,"['РС55', 'PC1', 'VG16', 'VG12', 'VG14', 'VG15', 'VG20', 'RP1', 'RP2', 'MC8']"
http://www.eledia.ru/publ/40-1-0-1107,Ночной пот,"['IG3', 'V13', 'R7', 'R8', 'C6', 'F2', 'РС53']"
http://www.eledia.ru/publ/39-1-0-961,Общая слабость,['IG12']
http://www.eledia.ru/publ/41-1-0-1055,Ограниченое движение рук,"['GI4', 'GI11', 'GI15', 'V11', 'IG6', 'IG10', 'VG26']"
http://www.eledia.ru/publ/43-1-0-918,Одышка,"['V13', 'Р1', 'VG12', 'VG9', 'VC22', 'VC17', 'РС118', 'RP21', 'GI20', 'E11', 'Е13']"
http://www.eledia.ru/publ/41-1-0-1118,Омалгия и брахиалгия,"['GI4', 'GI10', 'GI11', 'GI14', 'GI15', 'TR4', 'TR15', 'V11', 'VG14', 'VG26', 'РС108', 'IG6']"
http://www.eledia.ru/publ/41-1-0-1119,Омалгия и дорсалгия,"['GI4', 'GI11', 'GI15', 'IG6', 'IG3', 'P10', 'P9', 'TR3', 'VG26', 'РС107', 'V11', 'V60']"
http://www.eledia.ru/publ/42-1-0-1110,Онемение локтя и руки,"['РС85', 'TR4', 'IG7', 'IG12', 'GI9', 'GI12', 'V41', 'V11']"
http://www.eledia.ru/publ/39-1-0-1245,Опущение верхних век,"['TR23', 'E2', 'Е42', 'V7']"
http://www.eledia.ru/publ/39-1-0-1244,Опущение угла рта,['VC24']
http://www.eledia.ru/publ/41-1-0-1126,Остеопороз,"['PC3', 'VB39', 'F3', 'GI4', 'E36', 'TR4']"
http://www.eledia.ru/publ/39-1-0-862,Остеохондроз шеи,"['GI4', 'V10', 'VB20', 'VG15', 'VC24', 'TR5', 'IG3', 'Е40', 'VG14', 'РС30', 'TR15', 'VB21']"
http://www.eledia.ru/publ/39-1-0-710,Острая дископатия,"['GI4', 'VG20']"
http://www.eledia.ru/publ/44-1-0-711,Острая диспепсия,"['E36', 'F14', 'VC8', 'Е40', 'VC5']"
http://www.eledia.ru/publ/43-1-0-882,"""Острый назофарингит (Простуда, насморк)""","['PC3', 'VB20', 'VG20', 'VG16', 'VG21', 'VG23', 'GI11', 'V13', 'V12', 'V6', 'TR5']"
http://www.eledia.ru/publ/44-1-0-712,Острый приступ диареи,"['E36', 'V25', 'VC8', 'E37']"
http://www.eledia.ru/publ/41-1-0-1048,Отек колена,"['V11', 'VG26', 'F8', 'VB31', 'Е34', 'РС145']"
http://www.eledia.ru/publ/41-1-0-1114,Отек нижних конечностей,"['RP9', 'V20', 'V22', 'V52', 'V58', 'VC3', 'VC5', 'VC6', 'VC8', 'VC9', 'GI6', 'VB37']"
http://www.eledia.ru/publ/42-1-0-935,Отказ правого желудочка сердца (асцит),"['E36', 'Е21', 'Е25', 'VC14', 'VC15', 'VC17', 'C5', 'C9', 'V15', 'MC6', 'R7']"
http://www.eledia.ru/publ/44-1-0-931,Отрыжка,"['E36', 'Е40', 'Е41', 'VC12', 'VC14', 'VC5', 'VC13', 'VC21', 'F14', 'V21', 'V17', 'R21']"
http://www.eledia.ru/publ/42-1-0-1049,Отсутствие ощущения в пальцах ног (онемение пальцев ног),"['E36', 'E39', 'Е40', 'РС85', 'РС137', 'VB30', 'VB31', 'VB34', 'VB34']"
http://www.eledia.ru/publ/39-1-0-1207,Паралитический приступ в ноге,"['E36', 'Е40', 'VB34', 'V60', 'V58', 'V57', 'V40', 'V25', 'R3', 'РС75', 'РС85', 'F3']"
http://www.eledia.ru/publ/39-1-0-1208,Паралитический приступ в спине,"['GI4', 'GI11', 'GI15', 'TR5', 'TR4', 'TR3', 'R3', 'РС107', 'РС85', 'IG3', 'V20']"
http://www.eledia.ru/publ/39-1-0-1204,Паралич диафрагмы,"['V17', 'VB24']"
http://www.eledia.ru/publ/39-1-0-1202,Паралич и парез руки и плеча,"['GI4', 'GI10', 'GI11', 'GI15', 'TR5', 'TR4', 'TR3', 'MC3', 'V20', 'IG3', 'РС85']"
http://www.eledia.ru/publ/39-1-0-1205,Паралич локтя или плеча,"['GI4', 'GI11', 'GI15', 'TR5', 'TR4', 'TR3', 'MC3', 'V20', 'IG3', 'C3', 'РС85']"
http://www.eledia.ru/publ/39-1-0-1206,Паралич малоберцового нерва,"['E36', 'Е40', 'VB30', 'V60', 'V58', 'V57', 'V40', 'V25', 'R3', 'РС75', 'РС85', 'F3']"
http://www.eledia.ru/publ/39-1-0-1198,Паралич мышц брюшного пресса,"['V20', 'V21']"
http://www.eledia.ru/publ/39-1-0-1199,Паралич мышцы горла,['IG2']
http://www.eledia.ru/publ/39-1-0-1210,Парез голени,"['E36', 'Е40', 'VB30', 'VB34', 'V25', 'V40', 'V58', 'V60', 'РС75', 'РС85', 'R3', 'F3']"
http://www.eledia.ru/publ/42-1-0-1213,Перикардит,"['E36', 'MC6', 'МС1', 'V15', 'V14', 'V45']"
http://www.eledia.ru/publ/43-1-0-1221,Плеврит,"['F14', 'V11', 'V43', 'V42', 'V47', 'VB44', 'VB22', 'MC4', 'VC', 'VC', 'Е12', 'R23']"
http://www.eledia.ru/publ/43-1-0-1222,Пневмония,"['V13', 'V11', 'VG12', 'Р1', 'GI13', 'РС56', 'РС60']"
http://www.eledia.ru/publ/44-1-0-1001,Повышенная кислотность,"['E36', 'Е40', 'F14', 'VB34', 'VB40', 'VB23', 'VC5', 'РС139']"
http://www.eledia.ru/publ/39-1-0-1223,Подалгия,"['GI4', 'VB41', 'VB34', 'VB31', 'V57', 'V11', 'V60', 'РС107', 'VG26', 'R3']"
http://www.eledia.ru/publ/43-1-0-1295,Подверженость к катарам и простудам,"['PC3', 'TR5', 'V11', 'VB20', 'VG20', 'VG21', 'VG23', 'GI11']"
http://www.eledia.ru/publ/39-1-0-1225,Посттравматическая кома (потеря сознания),"['R1', 'VG26', 'VG24', 'MC9', 'GI1']"
http://www.eledia.ru/publ/41-1-0-1228,Посттравматические состояния коленного сустава,"['E44', 'Е34', 'Е35', 'VG26', 'V11', 'VB31', 'F8', 'РС145']"
http://www.eledia.ru/publ/41-1-0-1226,Посттравматические состояния локтевого сустава,"['GI4', 'GI11', 'GI15', 'C3', 'IG6', 'VG26', 'V11', 'TR10']"
http://www.eledia.ru/publ/41-1-0-1229,Посттравматические состояния поясничной области,"['GI4', 'V25']"
http://www.eledia.ru/publ/41-1-0-1230,Посттравматические состояния предплюсных суставов (стопа),"['RP6', 'RP5', 'RP4', 'VG26', 'VB39', 'VB31', 'V60', 'V11', 'Е41']"
http://www.eledia.ru/publ/41-1-0-1227,Посттравматические состояния тазобедренного сустава,"['VB34', 'VB30', 'VB31', 'VB29', 'VG26', 'V11']"
http://www.eledia.ru/publ/41-1-0-1231,Посттравматическое состояние запястья,"['GI4', 'GI11', 'GI15', 'VG26', 'IG6', 'V11', 'TR4', 'TR5', 'MC7']"
http://www.eledia.ru/publ/39-1-0-1075,Потеря памяти (амнезия),"['VG12', 'VG14', 'VG15', 'VG16', 'VG20', 'RP1', 'РС55', 'PC1', 'MC6', 'MC8', 'MC9', 'VC6']"
http://www.eledia.ru/publ/39-1-0-1059,Потеря речи,"['РС21', 'PC20', 'РС25', 'VB2', 'VG15', 'IG19', 'C5', 'VC23', 'TR8', 'TR17', 'TR21', 'Е9']"
http://www.eledia.ru/publ/40-1-0-1060,Потеря речи (истерика),"['РС55', 'PC1', 'C5', 'RP1', 'VG12', 'VG14', 'VG16', 'MC8']"
http://www.eledia.ru/publ/42-1-0-1058,Потеря сознания,"['РС86', 'VG26', 'VG20', 'R1', 'GI1', 'C9', 'P11', 'RP1', 'F2', 'F3', 'MC9', 'VB44']"
http://www.eledia.ru/publ/40-1-0-1053,Припадок смеха,"['VG16', 'VG15', 'VG14', 'VG12', 'PC1', 'РС55', 'RP1', 'MC8', 'MC7']"
http://www.eledia.ru/publ/43-1-0-939,Приступ бронхиальной астмы,"['E36', 'Р5', 'Р6', 'P7', 'VC15', 'VC17', 'R27', 'VG14']"
http://www.eledia.ru/publ/40-1-0-1242,Психическое истощение,"['RP1', 'PC55', 'PC1', 'VG16', 'VG15', 'VG14', 'VG12', 'MC8']"
http://www.eledia.ru/publ/39-1-0-1252,Радикулалгия (корневая боль) в поясничной области,"['GI4', 'V52', 'V25']"
http://www.eledia.ru/publ/39-1-0-1312,"""Расстройства верхних конечностей, вызванные рассеянным склерозом""","['GI4', 'GI11', 'GI15', 'TR5', 'IG10']"
http://www.eledia.ru/publ/39-1-0-1062,"""Расстройства нижних конечностей, вызванные рассеянным склерозом""","['V57', 'V37', 'VB30', 'VB34']"
http://www.eledia.ru/publ/40-1-0-1277,Расстройство речи,"['RP1', 'PC55', 'PC1', 'VG12', 'VG14', 'VG15', 'VG16', 'Е4', 'MC8']"
http://www.eledia.ru/publ/40-1-0-1253,Реактивный невроз,"['E36', 'RP1', 'PC1', 'PC55', 'VG16', 'VG26', 'VG14', 'VG15', 'VG20', 'VC24', 'P5', 'V18']"
http://www.eledia.ru/publ/41-1-0-1260,Ревматоидный артрит,"['V11', 'VG26']"
http://www.eledia.ru/publ/39-1-0-1261,Сакралгия,"['GI4', 'V40', 'V31', 'V33', 'V34', 'V36', 'V37', 'V39', 'РС71', 'РС74', 'РС75', 'РС81']"
http://www.eledia.ru/publ/39-1-0-1262,"""Сакралгия, в период менструации""","['GI4', 'РС74', 'РС75', 'РС49', 'V35']"
http://www.eledia.ru/publ/39-1-0-1265,Седалищная невралгии (Невралгия седалищного нерва),"['GI4', 'VB30', 'VB34', 'VB40', 'V40', 'V57', 'V60', 'V25', 'V31', 'V36', 'V58', 'РС75']"
http://www.eledia.ru/publ/39-1-0-1278,Семенная невралгия,"['GI4', 'Е30', 'RP12']"
http://www.eledia.ru/publ/42-1-0-991,Сердечная недостаточность,"['E36', 'VC14', 'VC15', 'VC17', 'C5', 'C9', 'V15', 'РС119', 'MC6']"
http://www.eledia.ru/publ/42-1-0-1197,Сердцебиение,"['E36', 'C5', 'C7', 'C9', 'MC5', 'MC3', 'MC6', 'MC7', 'V15', 'VC14', 'VC17']"
http://www.eledia.ru/publ/39-1-0-1302,Синдром грудного позвонка,"['GI4', 'V13', 'V17', 'V20', 'V60', 'VB34']"
http://www.eledia.ru/publ/41-1-0-1068,Синдром поясничного позвонка,"['GI4', 'VB34', 'V60']"
http://www.eledia.ru/publ/43-1-0-1273,Синусит,"['PC3', 'РС14', 'VG21', 'VG20', 'VG23', 'VB20', 'GI11', 'GI20', 'V7']"
http://www.eledia.ru/publ/39-1-0-1284,Скованость в затылке,"['GI4', 'GI4', 'VB39', 'TR5', 'VG14', 'VG15', 'VG16', 'P7', 'IG3', 'IG7', 'V10', 'РС29']"
http://www.eledia.ru/publ/40-1-0-1282,Состоянии постоянного недовольства и плохого настроения,"['RP1', 'PC55', 'PC1', 'VG16', 'VG15', 'VG14', 'VG12', 'MC8', 'R7']"
http://www.eledia.ru/publ/44-1-0-1276,Спастический запор (спазмы кишечника),"['E36', 'GI4', 'GI2', 'F3', 'F2', 'V25', 'IG3']"
http://www.eledia.ru/publ/41-1-0-1251,Спондилодиния,"['GI4', 'V46', 'V50']"
http://www.eledia.ru/publ/42-1-0-787,Стенокардия,"['E36', 'MC6', 'МС3', 'МС5', 'MC4', 'C3', 'F3', 'С9', 'VG15', 'C4', 'C6', 'TR6']"
http://www.eledia.ru/publ/41-1-0-888,Судорожные спазмы лица (параспазм),"['VG26', 'VB2', 'IG18', 'E45', 'VB1', 'TR21', 'VB14']"
http://www.eledia.ru/publ/42-1-0-1298,Тахикардия,"['E36', 'C7', 'C5', 'C3', 'C9', 'MC6', 'MC5', 'MC4', 'MC3', 'VC14', 'VC17', 'V15']"
http://www.eledia.ru/publ/44-1-0-1094,Тошнота и рвота,"['E36', 'MC6', 'MC5', 'VC12', 'VC14', 'F3', 'F13', 'F14', 'RP4', 'RP3', 'R27', 'V21']"
http://www.eledia.ru/publ/44-1-0-861,Тошнота и рвота,"['E36', 'Е40', 'F4', 'VC5', 'РС31']"
http://www.eledia.ru/publ/39-1-0-1306,Тремор и парез предплечья,"['GI4', 'GI11', 'GI15', 'C3', 'MC3', 'IG3', 'V20', 'TR3', 'TR4', 'TR5', 'РС85']"
http://www.eledia.ru/publ/41-1-0-1057,Тризм,"['Е6', 'Е5', 'VC24', 'TR17', 'TR22', 'VB7']"
http://www.eledia.ru/publ/42-1-0-1308,Туберкулезный лимфаденит,"['VB41', 'МС1', 'РС112']"
http://www.eledia.ru/publ/40-1-0-1039,Ухудшение умственных способностей,"['РС55', 'PC1', 'RP1', 'RP2', 'VG16', 'VG15', 'VG14', 'VG12', 'MC8']"
http://www.eledia.ru/publ/43-1-0-597,Учашенное дыхание,['P4']
http://www.eledia.ru/publ/43-1-0-1217,Фарингит,"['GI4', 'GI1', 'GI11', 'VC22', 'VC23', 'РС21', 'P5', 'P10', 'P11', 'R3', 'VB44']"
http://www.eledia.ru/publ/43-1-0-1218,Фарингит и ларингит,"['GI11', 'GI17', 'GI18', 'VB44', 'TR2', 'IG17', 'IG16']"
http://www.eledia.ru/publ/40-1-0-1219,Фобия,"['PC1', 'PC55', 'VG16', 'VG15', 'VG14', 'VG12', 'RP1', 'MC8', 'E45', 'V19']"
http://www.eledia.ru/publ/39-1-0-937,Фригидность,"['E36', 'Е30', 'RP6', 'MC6', 'VG4', 'VC4', 'VC6', 'РС49', 'C9', 'R10', 'R11', 'V31']"
http://www.eledia.ru/publ/43-1-0-953,Фронтит,"['PC3', 'PC2', 'GI11', 'GI11', 'VG20', 'VG20', 'V2', 'VB20', 'VB14']"
http://www.eledia.ru/publ/44-1-0-868,Хроническая диарея,"['E36', 'E37', 'V20', 'V21', 'V23', 'V25']"
http://www.eledia.ru/publ/44-1-0-870,Хронический гастрит,"['Е20', 'Е21', 'Е25', 'E36', 'E37', 'V20', 'V18', 'VC14', 'РС85']"
http://www.eledia.ru/publ/43-1-0-876,Хронический синусит,"['PC3', 'VG21', 'GI11', 'VB20', 'VB23', 'РС123']"
http://www.eledia.ru/publ/43-1-0-875,Хронический фарингит,"['GI11', 'РС21']"
http://www.eledia.ru/publ/44-1-0-871,Хроническое воспаление толстой кишки,"['E36', 'Е25', 'GI4', 'RP9', 'RP15', 'РС85', 'VC4', 'VC6', 'VC12', 'VB34', 'V20', 'V25']"
http://www.eledia.ru/publ/44-1-0-873,Хроническое воспаление тонкой кишки,"['E36', 'VC4', 'VC8', 'V20', 'РС85']"
http://www.eledia.ru/publ/39-1-0-863,Цервикалгия (боль в шее),"['GI4', 'V60', 'IG6', 'TR5', 'VB39', 'РС108', 'V11', 'TR15', 'IG8', 'IG15', 'VB36', 'PC31']"
http://www.eledia.ru/publ/39-1-0-1264,Шизофрения,"['Е40', 'E45', 'RP1', 'VG16', 'VG15', 'VG20', 'PC1', 'PC55', 'MC5', 'V18', 'V15']"
http://www.eledia.ru/publ/43-1-0-1248,Эмфизема легких,['РС33']
http://www.eledia.ru/publ/42-1-0-924,Эндокардит,"['E36', 'MC6', 'V15', 'V47', 'V16']"
http://www.eledia.ru/publ/44-1-0-1015,Энкопрез (недержание кала),"['E36', 'V20', 'V22', 'VC1', 'VC4', 'РС85']"
http://www.eledia.ru/publ/39-1-0-929,Эпилепсия,"['E36', 'E45', 'MC6', 'MC8', 'VG14', 'VG15', 'VG26', 'VG12', 'R1', 'PC1', 'IG3', 'V15']"
http://www.eledia.ru/publ/44-1-0-956,Язва желудка и двенадцатиперстной кишки,"['E36', 'Е21', 'V18', 'V20', 'V21', 'VC12', 'VC13', 'VC14', 'VC15', 'VC17', 'F3', 'РС85']"
http://www.eledia.ru/publ/51-1-0-776,Аднексит,"['РС75', 'РС49', 'V31', 'Е29', 'R2', 'РС74', 'R5', 'E37', 'VB29', 'V34', 'V33', 'V32']"
http://www.eledia.ru/publ/54-1-0-1326,Акупунктура от курения,['здесь']
http://www.eledia.ru/publ/52-1-0-780,Аллергическая сыпь с зудом,"['GI4', 'E36', 'GI11', 'P7', 'RP10', 'VB31']"
http://www.eledia.ru/publ/46-1-0-783,Аменорея,"['RP6', 'GI4', 'РС75', 'VC6', 'RP10', 'VC4', 'VC3', 'F3', 'R3', 'V23', 'Е7', 'РС49', 'VC']"
http://www.eledia.ru/publ/54-1-0-788,Анорексия,"['E36', 'RP6', 'MC6', 'VC12', 'F14', 'С9', 'Е40', 'Е.38', 'E45', 'Е41', 'Е21', 'VC5', 'VC7']"
http://www.eledia.ru/publ/54-1-0-789,Аносмия,"['PC3', 'VG21', 'VB20', 'GI11', 'VG20', 'VG23', 'GI20', 'ссылка', 'РС16']"
http://www.eledia.ru/publ/52-1-0-793,Артралгия,"['GI4', 'VG26', 'V11', 'C4', 'РС53']"
http://www.eledia.ru/publ/52-1-0-799,Аскаридоз,"['VC3', 'VC4', 'RP15', 'РС152', 'GI20']"
http://www.eledia.ru/publ/49-1-0-800,Астигматизм,"['GI4', 'Е2', 'TR23', 'PC3', 'PC9', 'РС6', 'V2', 'V1', 'VB1']"
http://www.eledia.ru/publ/49-1-0-1122,Атрофия зрительного нерва,"['GI4', 'TR23', 'Е1', 'E2', 'PC9', 'РС8', 'РС6', 'PC3', 'V1', 'V2', 'VB1', 'VB37']"
http://www.eledia.ru/publ/54-1-0-1329,Аурикулярная рефлексотерапия в комплексном лечении  табачной зависимости,[]
http://www.eledia.ru/publ/51-1-0-1025,Бесплодие,"['RP6', 'VC6', 'VC4', 'РС44', 'РС46', 'РС49', 'РС74', 'РС75', 'РС140']"
http://www.eledia.ru/publ/49-1-0-1095,Близорукость,"['GI4', 'TR23', 'E2', 'PC3', 'РС6', 'РС8', 'PC9', 'РС13', 'V1', 'V2', 'R5']"
http://www.eledia.ru/publ/54-1-0-1178,Болезненная вялость,"['GI4', 'GI11', 'E36', 'C9', 'VC6', 'VG14', 'MC8', 'P7', 'V43', 'РС141']"
http://www.eledia.ru/publ/48-1-0-1186,Болезненное глотание,"['GI4', 'GI11', 'GI18', 'Е9', 'E10', 'E11', 'Е12', 'VC23', 'РС29', 'РС99']"
http://www.eledia.ru/publ/47-1-0-1187,Болезненное опухание губ,"['GI4', 'GI11', 'E36', 'ЕЗ', 'RP10', 'P7', 'VB31']"
http://www.eledia.ru/publ/50-1-0-1177,Болезненный дерматоз,"['GI4', 'GI11', 'E36', 'RP10', 'P7', 'TR7', 'VB31']"
http://www.eledia.ru/publ/47-1-0-1188,Болезненный отек щеки,"['TR17', 'VB7']"
http://www.eledia.ru/publ/46-1-0-1191,Боли в нижней части живота вследствие заболевания мочевыделительной системы,"['GI4', 'Е30', 'Е27', 'F9', 'VB29', 'РС150']"
http://www.eledia.ru/publ/51-1-0-1130,Боли в яичниках,"['РС75', 'РС74', 'РС49', 'F1', 'GI4']"
http://www.eledia.ru/publ/54-1-0-1193,Боли во всем теле,"['GI4', 'RP21', 'VB38']"
http://www.eledia.ru/publ/46-1-0-1174,Боли области низа живота,"['GI4', 'E36', 'E37', 'Е40', 'E44', 'RP6', 'RP9', 'VC8', 'VC6', 'VC4', 'VC3', 'F13']"
http://www.eledia.ru/publ/54-1-0-1216,Боли фантомных (ампутированых) конечностей,"['GI4', 'E36', 'VG19', 'VG20']"
http://www.eledia.ru/publ/51-1-0-1171,Боль в вульвы,"['GI4', 'РС75', 'РС74', 'РС49', 'F8']"
http://www.eledia.ru/publ/46-1-0-1144,Боль в головке полового члена,"['GI4', 'Е30', 'F1']"
http://www.eledia.ru/publ/51-1-0-1138,Боль в груди (мастодиния),"['GI4', 'R27', 'P9', 'Р1', 'VC17', 'VC21', 'F14', 'Е14', 'РС115', 'VB36', 'VB37', 'TR10']"
http://www.eledia.ru/publ/51-1-0-707,Боль в животе в связи с гинекологическими заболеваниями,"['VB22', 'VB40']"
http://www.eledia.ru/publ/54-1-0-1175,Боль в области пупка,"['GI4', 'E36', 'E37', 'Е40', 'E44', 'RP6', 'RP9', 'VC8', 'VC6', 'VC4', 'VC3', 'F13']"
http://www.eledia.ru/publ/46-1-0-1176,Боль в пенисе,"['GI4', 'Е30', 'VC1', 'F8', 'F4', 'F12', 'R10', 'РС48']"
http://www.eledia.ru/publ/48-1-0-922,Боль в ухе,"['GI4', 'IG19', 'VB2', 'VB20', 'VB44', 'VG20']"
http://www.eledia.ru/publ/47-1-0-1137,Боль в щеке,"['GI4', 'TR5']"
http://www.eledia.ru/publ/51-1-0-1170,Боль во влагалище,"['GI4', 'RP6', 'РС75', 'РС74', 'РС49', 'VC3', 'VC2']"
http://www.eledia.ru/publ/46-1-0-1173,Боль наружных половых органов,"['GI4', 'Е30', 'VG26', 'RP9', 'VC1', 'R11']"
http://www.eledia.ru/publ/49-1-0-1140,Боль у внешнего угла глазной щели,"['GI4', 'TR23', 'E2', 'PC9', 'PC3', 'РС6', 'VB41', 'V2']"
http://www.eledia.ru/publ/50-1-0-1321,Витилиго,"['GI4', 'GI11', 'E36', 'P7', 'RP10', 'VB31', 'РС90']"
http://www.eledia.ru/publ/48-1-0-1292,Внезапная потеря голоса,"['C5', 'C4', 'PC20', 'VG16', 'R1', 'GI11', 'VC23']"
http://www.eledia.ru/publ/45-1-0-932,Возбуждение желчеотделительной деятельности печени,"['РС85', 'РС152', 'V20', 'VC12', 'VC13', 'VB34', 'VB37', 'IG4']"
http://www.eledia.ru/publ/45-1-0-1031,Воспаление желчного пузыря,"['V19', 'V18', 'V20', 'VB34', 'VB24', 'VB38', 'VB40', 'РС152', 'РС', 'РС85', 'IG4', 'VG9']"
http://www.eledia.ru/publ/46-1-0-1314,Воспаление мочевых путей,"['E36', 'Е30', 'VC4', 'VC3', 'VC2', 'GI11', 'R7']"
http://www.eledia.ru/publ/48-1-0-1194,Воспаление небных миндалин (ангина),"['GI4', 'GI1', 'GI6', 'GI11', 'P11', 'P5', 'P7', 'E44', 'E45', 'PC20', 'IG3', 'IG17']"
http://www.eledia.ru/publ/51-1-0-1030,Воспаление эндометрия,"['РС75', 'РС74', 'РС49', 'VG4', 'VB29', 'VB26', 'VB27', 'VB28', 'Е29', 'V30', 'RP12', 'VC7']"
http://www.eledia.ru/publ/51-1-0-1131,Воспаленние яичников,"['РС75', 'РС74', 'РС49', 'Е30']"
http://www.eledia.ru/publ/51-1-0-1323,Вульвит,"['РС49', 'РС74', 'РС75', 'VC3']"
http://www.eledia.ru/publ/51-1-0-1316,Выделение из влагалища,"['RP6', 'VC4', 'VC3', 'VC5', 'РС75', 'РС74', 'РС49', 'V23', 'V30', 'VG4', 'R12']"
http://www.eledia.ru/publ/50-1-0-974,Выпадение волос,"['GI4', 'GI11', 'E36', 'E39', 'V13', 'V43', 'RP10', 'Р1', 'P7', 'TR5', 'TR10', 'TR15']"
http://www.eledia.ru/publ/51-1-0-1078,Выпадение матки,"['РС47', 'РС49', 'РС74', 'РС75', 'F1', 'F8', 'F12', 'VG20', 'VC1', 'R6', 'R5', 'Е29']"
http://www.eledia.ru/publ/48-1-0-999,Гайморит,"['PC3', 'GI11', 'GI1', 'VG20', 'VG21', 'VG23', 'VB20', 'ЕЗ']"
http://www.eledia.ru/publ/54-1-0-954,Галактостазис (лактостаз),['VB41']
http://www.eledia.ru/publ/46-1-0-972,Гематурия,"['RP6', 'VC4', 'VC3', 'VG6', 'Е30', 'R1', 'R3', 'R5', 'V23', 'V27', 'V31', 'V52']"
http://www.eledia.ru/publ/52-1-0-996,Гепатит,"['E36', 'E45', 'V18', 'V19', 'V21', 'V20', 'F13', 'F14', 'F3', 'VB34', 'VB24', 'РС85']"
http://www.eledia.ru/publ/45-1-0-997,Гепатопатия,"['V47', 'V49']"
http://www.eledia.ru/publ/52-1-0-998,Герпес половых органов,"['VC3', 'VC2', 'VC1', 'РС45', 'F8', 'F10', 'VG1']"
http://www.eledia.ru/publ/47-1-0-962,Гингивит,"['VC24', 'MC8', 'VG28', 'VG27', 'РС18', 'РС138', 'Е42', 'IG8', 'IG18', 'VB9', 'TR17']"
http://www.eledia.ru/publ/53-1-0-864,Гиперактивность детская,"['PC1', 'РС55', 'VG14', 'VG15', 'VG16', 'VG21', 'RP1', 'MC6', 'MC8', 'F3', 'C7', 'TR5']"
http://www.eledia.ru/publ/54-1-0-860,Гипергидроз,"['GI4', 'RP2', 'РС103', 'РС104']"
http://www.eledia.ru/publ/49-1-0-1004,Гиперметропия (дальнозоркость),"['GI4', 'TR23', 'E2', 'PC3', 'PC9', 'РС13', 'РС6', 'РС8', 'V1', 'V2']"
http://www.eledia.ru/publ/45-1-0-1007,Гипертиреоз,"['VC22', 'VB21']"
http://www.eledia.ru/publ/48-1-0-1008,Гипоакузия,"['VB20', 'VB2', 'VB40', 'VB41', 'VB43', 'TR5', 'TR3', 'TR4', 'IG3', 'V23', 'R3', 'VG20']"
http://www.eledia.ru/publ/45-1-0-1011,Гипотиреоз,"['GI4', 'VC22', 'РС23']"
http://www.eledia.ru/publ/51-1-0-1003,Гипперменорея (обильная менструация),"['RP6', 'RP1', 'RP4', 'GI4', 'F1', 'F3', 'РС75', 'РС49', 'VC3', 'VC4', 'VC5', 'VC6']"
http://www.eledia.ru/publ/49-1-0-963,Глаукома,"['GI4', 'E2', 'TR23', 'PC3', 'PC9', 'РС6', 'РС8', 'V2', 'V1', 'F2', 'VB14']"
http://www.eledia.ru/publ/47-1-0-964,Глоссит,"['PC20', 'GI7', 'VC23', 'РС24']"
http://www.eledia.ru/publ/48-1-0-897,Глухота,"['VB2', 'VB20', 'IG19', 'IG3', 'Е7', 'TR5', 'TR3', 'TR2', 'TR17', 'TR21', 'GI1', 'VG20']"
http://www.eledia.ru/publ/49-1-0-983,Головные боли в лобной области,"['GI4', 'GI1', 'P7', 'PC3', 'V2', 'V3', 'V4', 'Е8', 'VG22', 'VG23', 'VG24', 'VB14']"
http://www.eledia.ru/publ/49-1-0-985,Головные боли в надглазничных областях,"['GI4', 'РС6']"
http://www.eledia.ru/publ/45-1-0-980,Головные боли вызваные заболеваниями печени,"['GI4', 'F3', 'F2', 'VB43', 'VB44', 'РС152']"
http://www.eledia.ru/publ/49-1-0-989,"""Головные боли, связанные с офтальмопатией""","['GI4', 'GI5', 'E2']"
http://www.eledia.ru/publ/46-1-0-968,Гонит,"['RP9', 'V11', 'VB34', 'VB31', 'VB38', 'VG26', 'Е35', 'Е34', 'РС145', 'РС153', 'РС164', 'F8']"
http://www.eledia.ru/publ/52-1-0-969,Гонорея,"['РС80', 'РС151']"
http://www.eledia.ru/publ/49-1-0-896,Дакриоаденит,"['GI4', 'TR23', 'E2', 'PC3', 'PC9', 'РС6', 'V2']"
http://www.eledia.ru/publ/50-1-0-900,Дерматозы устойчивые к обычному лечению,"['GI4', 'E36', 'GI11', 'RP10', 'V13', 'P7', 'VB31']"
http://www.eledia.ru/publ/53-1-0-1021,Детская диарея,"['E36', 'РС44', 'РС94']"
http://www.eledia.ru/publ/53-1-0-1022,Детская дизентерия,"['E36', 'РС', 'РС94']"
http://www.eledia.ru/publ/53-1-0-1023,Детская эпилепсия,"['VG12', 'VG21']"
http://www.eledia.ru/publ/53-1-0-1020,Детские судороги,"['RP1', 'F3', 'VG4', 'PC86', 'V63', 'Шэнь-май', 'V64']"
http://www.eledia.ru/publ/53-1-0-1024,Детский невроз,"['E36', 'VG16', 'VG14', 'VG15', 'VG20', 'VG26', 'РС55', 'PC1', 'RP1', 'MC8', 'VC24', 'V18']"
http://www.eledia.ru/publ/45-1-0-901,Диабет,"['V28', 'R2', 'РС', 'РС158']"
http://www.eledia.ru/publ/52-1-0-911,Дизентерия,"['E36', 'Е25', 'E44', 'RP9', 'RP3', 'VC3', 'VC4', 'VC8', 'V25', 'V20', 'РС', 'РС85']"
http://www.eledia.ru/publ/46-1-0-919,Дизурия (нарушение мочеиспускания),"['F5', 'F8', 'F9', 'V28', 'V32', 'V33', 'V34', 'R4', 'R8', 'RP11', 'Е28']"
http://www.eledia.ru/publ/46-1-0-920,Дизурия и олигурия,"['RP6', 'VC4', 'VC6', 'VC3', 'VC9', 'Е30', 'R1', 'R3', 'R5', 'V23', 'V31', 'V52']"
http://www.eledia.ru/publ/51-1-0-916,Дисменорея,"['RP6', 'RP4', 'RP8', 'GI4', 'E36', 'VC4', 'VC3', 'РС75', 'V23', 'РС49', 'РС74', 'F2']"
http://www.eledia.ru/publ/51-1-0-917,Дисменорея с вегетативными симптомами,"['РС75', 'РС49', 'Е26']"
http://www.eledia.ru/publ/52-1-0-1045,Желтуха,"['F13', 'F14', 'РС85', 'РС', 'V19', 'V18', 'V48', 'RP21', 'IG4', 'VG9', 'VB24', 'R16']"
http://www.eledia.ru/publ/45-1-0-804,Желчная колика,"['VC12', 'VC13', 'РС152', 'VB14', 'VB40', 'F3']"
http://www.eledia.ru/publ/45-1-0-865,Желчнокаменная болезнь,"['V20', 'VB34', 'РС85', 'РС152', 'IG4']"
http://www.eledia.ru/publ/48-1-0-1093,Закупорка носа,"['GI19', 'GI11', 'GI20', 'VG20', 'VG21', 'VG23', 'VG25', 'VG26', 'PC3', 'VB20', 'P7']"
http://www.eledia.ru/publ/45-1-0-966,Зоб,"['GI4', 'GI11', 'VC22', 'РС117', 'РС12']"
http://www.eledia.ru/publ/47-1-0-1304,Зубная боль,"['GI4', 'GI1', 'Е6', 'Е7', 'E44', 'E45', 'Е4', 'IG18', 'VC24', 'VB2', 'R3', 'PC9']"
http://www.eledia.ru/publ/47-1-0-785,Зубная боль,"['Е6', 'РС18', 'GI20', 'IG19']"
http://www.eledia.ru/publ/47-1-0-1311,Зубная боль в верхней челюсть,"['GI4', 'VG26', 'TR21']"
http://www.eledia.ru/publ/47-1-0-1061,Зубная боль в нижней челюсти,"['GI4', 'GI3', 'GI1', 'VG26', 'Е7', 'РС120']"
http://www.eledia.ru/publ/54-1-0-1239,Зуд в анусе,"['E36', 'V20', 'VC4', 'VC1', 'РС85', 'F8', 'VG1']"
http://www.eledia.ru/publ/48-1-0-1240,Зуд в ушной раковине,"['VB20', 'VB43', 'VB44', 'VG20']"
http://www.eledia.ru/publ/51-1-0-1044,Зуд вульвы,"['РС75', 'РС74', 'РС49', 'VC1', 'VC3', 'VC7', 'F8', 'VG1', 'R2', 'R6', 'С8']"
http://www.eledia.ru/publ/46-1-0-1043,Ишурия,"['RP6', 'VC3', 'VC4', 'VC5', 'VC6', 'Е30', 'R1', 'R3', 'R5', 'V23', 'V28', 'V31']"
http://www.eledia.ru/publ/49-1-0-859,Катаракта,"['GI4', 'PC3', 'РС8', 'РС6', 'PC9', 'РС13', 'Е2', 'Е1', 'TR23', 'V1', 'V2', 'VB1']"
http://www.eledia.ru/publ/49-1-0-1046,Кератит,"['GI4', 'TR23', 'E2', 'PC9', 'PC3', 'РС6', 'IG3', 'V2', 'VB1']"
http://www.eledia.ru/publ/49-1-0-1047,Кератоконус,"['GI4', 'TR23', 'E2', 'PC9', 'PC3', 'РС6', 'V2']"
http://www.eledia.ru/publ/51-1-0-1129,Киста яичника,"['РС49', 'РС69', 'РС74', 'РС75']"
http://www.eledia.ru/publ/50-1-0-1274,Кожный зуд,"['RP6', 'RP10', 'E36', 'GI4', 'GI11', 'VB30', 'VB31', 'P7', 'V13', 'V16', 'F6']"
http://www.eledia.ru/publ/46-1-0-881,Кольпит,"['RP6', 'РС75', 'РС74', 'РС49', 'VC3', 'VC2', 'VC1', 'R11', 'V65', 'V64', 'F8']"
http://www.eledia.ru/publ/49-1-0-883,Конъюнктивит,"['GI4', 'Е2', 'V2', 'V18', 'PC9', 'PC3', 'РС6', 'РС8', 'РС10', 'TR23', 'VB41', 'IG3']"
http://www.eledia.ru/publ/49-1-0-866,Конъюнктивит хронический,"['GI4', 'Е2', 'Е1', 'PC3', 'РС6', 'PC9', 'V1', 'V2', 'F3', 'TR23', 'C7', 'VB37']"
http://www.eledia.ru/publ/52-1-0-1074,Корь,"['RP6', 'RP9', 'RP10', 'GI4', 'GI11']"
http://www.eledia.ru/publ/49-1-0-1280,Косоглазие,"['GI4', 'E2', 'TR23', 'PC3', 'PC9', 'РС6', 'V2']"
http://www.eledia.ru/publ/52-1-0-1315,Крапивница,"['GI4', 'GI11', 'E36', 'РС51', 'РС52', 'РС163', 'RP10', 'V17', 'V20', 'V40', 'P7', 'VB31']"
http://www.eledia.ru/publ/48-1-0-1051,Ларинголгия (боль в горле),"['GI4', 'GI11', 'РС108', 'РС97']"
http://www.eledia.ru/publ/49-1-0-1054,Лейкома,"['GI4', 'TR23', 'E2', 'PC3', 'PC9', 'РС118', 'РС6', 'V2', 'IG1', 'VB1']"
http://www.eledia.ru/publ/52-1-0-938,Лихорадка,"['GI4', 'GI1', 'GI11', 'VG14', 'P10', 'МС3', 'МС5', 'MC9', 'PC86', 'VB20', 'TR5', 'V13']"
http://www.eledia.ru/publ/52-1-0-1069,Малярия,"['VG14', 'VG13', 'VG11', 'MC5', 'MC6', 'V20', 'IG3', 'TR4', 'TR2', 'РС137', 'РС', 'РС31']"
http://www.eledia.ru/publ/54-1-0-1293,Мания суицида,"['VG16', 'VG15', 'VG14', 'VG12', 'PC1', 'PC55', 'RP1', 'MC8', 'MC7', 'E45']"
http://www.eledia.ru/publ/49-1-0-1072,Маргинальный блефарит,"['GI4', 'E2', 'TR3', 'V2', 'PC2', 'PC3', 'РС5', 'РС6', 'PC9', 'РС14']"
http://www.eledia.ru/publ/52-1-0-1073,Мастит,"['E36', 'Е34', 'E18', 'F3', 'VC17', 'VB41', 'VB21', 'IG3', 'MC4', 'МС1', 'GI8', 'R24']"
http://www.eledia.ru/publ/49-1-0-1266,Мерцание,"['GI4', 'E2', 'Е8', 'TR23', 'PC3', 'PC9', 'РС6', 'V58', 'V2', 'V63', 'Шэнь-май', 'V65', 'V66']"
http://www.eledia.ru/publ/51-1-0-1079,Метроррагия (маточное кровотечение),"['RP6', 'RP10', 'РС49', 'РС75', 'F3']"
http://www.eledia.ru/publ/52-1-0-1083,Микоз,"['GI4', 'GI11', 'RP6', 'RP10', 'E36', 'Е41', 'F3', 'P7', 'VB31', 'РС137']"
http://www.eledia.ru/publ/49-1-0-1320,Нарушения зрения,"['GI4', 'E2', 'Е8', 'TR23', 'PC3', 'PC9', 'РС6', 'V2', 'V58', 'F3', 'R5', 'GI6']"
http://www.eledia.ru/publ/49-1-0-1123,Неврит зрительного нерва,"['GI4', 'TR23', 'Е1', 'E2', 'PC9', 'РС8', 'РС6', 'PC3', 'РС13', 'PC1', 'V1', 'V2']"
http://www.eledia.ru/publ/51-1-0-1042,Нерегулярные менструации,"['RP6', 'RP9', 'RP10', 'RP1', 'VC3', 'VC4', 'VC6', 'R3', 'РС75', 'РС49', 'V23', 'VB41']"
http://www.eledia.ru/publ/46-1-0-1096,Нефрит,"['R3', 'R7', 'V58', 'V23', 'V22', 'Е30', 'Е28', 'VC3', 'VB25', 'РС', 'TR9']"
http://www.eledia.ru/publ/46-1-0-1097,Нефролитиаза,"['Е30', 'VB25']"
http://www.eledia.ru/publ/46-1-0-1111,Никтурия,"['E36', 'Е30', 'RP6', 'RP9', 'VC6', 'VC4', 'VC3', 'V23', 'R1', 'R3', 'VG20', 'F1']"
http://www.eledia.ru/publ/46-1-0-1106,Ночная никтурия,"['RP6', 'RP9', 'Е30', 'R3', 'R2', 'R11', 'VC4', 'VC3', 'VC6', 'V23', 'F8', 'F5']"
http://www.eledia.ru/publ/48-1-0-1237,Обильные носовые секреции,"['GI4', 'GI11', 'GI19', 'E2', 'Е25', 'V10', 'V13', 'V25', 'VB20', 'VG20']"
http://www.eledia.ru/publ/46-1-0-960,Обширный отек,"['Е22', 'Е43', 'VC11']"
http://www.eledia.ru/publ/50-1-0-1220,Обычный герпес,"['GI4', 'GI11', 'E36', 'Е4', 'VC24', 'P7', 'RP10', 'VG26', 'VB31']"
http://www.eledia.ru/publ/45-1-0-1112,Ожирение,"['VC24', 'VG26']"
http://www.eledia.ru/publ/51-1-0-1116,Олигогалактия (Недостаток молока у кормилицы),"['VC17', 'VB41', 'IG1', 'E18', 'RP18', 'С1']"
http://www.eledia.ru/publ/46-1-0-1117,Олигурия,"['RP6', 'RP9', 'VC3', 'VC4', 'VC6', 'Е30', 'R1', 'R3', 'R5', 'V23', 'V31', 'V52']"
http://www.eledia.ru/publ/50-1-0-1270,Опоясывающий лишай,"['GI4', 'E36', 'IG3', 'VB34', 'V23', 'TR5']"
http://www.eledia.ru/publ/45-1-0-1297,Опухоль печени и селезенки,"['РС85', 'РС69', 'РС', 'V18', 'V51', 'F14', 'RP21', 'IG4']"
http://www.eledia.ru/publ/51-1-0-1246,Опушенные матки,[]
http://www.eledia.ru/publ/46-1-0-1124,Орхит,"['RP6', 'RP12', 'R8', 'R7', 'VB29', 'VB27', 'V31', 'V33', 'V34', 'Е29', 'РС46', 'РС74']"
http://www.eledia.ru/publ/49-1-0-1319,Ослабление зрения,"['GI4', 'E2', 'TR23', 'IG6', 'PC3', 'PC9', 'РС6', 'V2', 'VB41', 'VG7']"
http://www.eledia.ru/publ/46-1-0-774,Острый гонит,[]
http://www.eledia.ru/publ/49-1-0-709,Острый конъюнктивит,"['GI4', 'TR23', 'Е2', 'PC9', 'PC3', 'РС6', 'V2', 'Е1', 'РС58']"
http://www.eledia.ru/publ/49-1-0-775,Острый ринит (катар),[]
http://www.eledia.ru/publ/49-1-0-805,Отек век,"['GI4', 'Е2', 'TR23', 'PC3', 'РС6', 'PC9', 'V2', 'VB16']"
http://www.eledia.ru/publ/46-1-0-1296,Отек из-за почек,"['Е30', 'RP9', 'R7', 'IG6', 'V28', 'РС87']"
http://www.eledia.ru/publ/48-1-0-1127,Отит внешний,"['IG19', 'VB20', 'VB44', 'VG20']"
http://www.eledia.ru/publ/48-1-0-1128,Отит средний,"['IG19', 'VB2', 'VB20', 'VB44', 'Е7', 'VG20', 'TR17', 'TR19', 'TR21']"
http://www.eledia.ru/publ/49-1-0-1121,Офтальмодиния (Боль в глазу),[]
http://www.eledia.ru/publ/54-1-0-857,Ощущение жжения в ногах,"['E36', 'E39', 'Е40', 'VB30', 'VB31', 'R1', 'РС85', 'V67']"
http://www.eledia.ru/publ/54-1-0-1300,Ощущение сжатия в грудной клетке,"['VC17', 'РС118', 'МС1', 'P2']"
http://www.eledia.ru/publ/54-1-0-1301,Ощущение сжатия в области сердца,"['P2', 'Р1', 'V14']"
http://www.eledia.ru/publ/45-1-0-1200,Панкреатит,[]
http://www.eledia.ru/publ/49-1-0-889,Паннус,"['GI4', 'TR23', 'E2', 'PC3', 'PC9', 'РС6', 'V2']"
http://www.eledia.ru/publ/49-1-0-1203,Паралич глазных мышц,[]
http://www.eledia.ru/publ/51-1-0-1209,Параметрит,"['VG4', 'РС49', 'РС74', 'РС75']"
http://www.eledia.ru/publ/47-1-0-1201,Пародонтоз,[]
http://www.eledia.ru/publ/52-1-0-1212,Паротит (свинка),[]
http://www.eledia.ru/publ/47-1-0-1214,Периодонтит,"['VG26', 'РС18']"
http://www.eledia.ru/publ/45-1-0-995,Печёночная колика,[]
http://www.eledia.ru/publ/46-1-0-1005,Повышенная чувствительность мочевого пузыря,[]
http://www.eledia.ru/publ/49-1-0-1256,Покраснение глаз,"['GI4', 'TR23', 'E2', 'PC3', 'PC9', 'РС6', 'V2', 'V1', 'V3', 'F2']"
http://www.eledia.ru/publ/50-1-0-1254,Покраснение и отек пальцев и ладоней,[]
http://www.eledia.ru/publ/48-1-0-1255,Покраснение и отек ушной раковины,[]
http://www.eledia.ru/publ/46-1-0-1224,Полакисурия,"['RP6', 'VC3', 'VC4', 'VC5', 'VC6', 'R1', 'R3', 'R5', 'Е30', 'V23', 'V31', 'V52']"
http://www.eledia.ru/publ/51-1-0-1232,Послеродовая дисменорея,[]
http://www.eledia.ru/publ/51-1-0-1233,Послеродовое сокращение матки,[]
http://www.eledia.ru/publ/46-1-0-1257,Почечная колика,"['Е30', 'V23', 'F3', 'F2', 'VB25', 'VB26', 'VB27']"
http://www.eledia.ru/publ/54-1-0-1234,Преждевременная эякуляция,[]
http://www.eledia.ru/publ/46-1-0-1238,Простатит,[]
http://www.eledia.ru/publ/50-1-0-1241,Псориаз,"['GI4', 'GI11', 'E36', 'P7', 'RP10', 'VB31']"
http://www.eledia.ru/publ/49-1-0-1243,Птеригий,[]
http://www.eledia.ru/publ/47-1-0-1250,Пульпит,[]
http://www.eledia.ru/publ/52-1-0-1317,Различные инфекционные заболевания,"['RP6', 'GI4', 'GI11', 'E36', 'VG4', 'VG14', 'V23', 'F3']"
http://www.eledia.ru/publ/53-1-0-1019,Расстройство аппетита у ребенка,[]
http://www.eledia.ru/publ/54-1-0-1322,Рвота из-за нервных расстройств,[]
http://www.eledia.ru/publ/49-1-0-1258,Ретинит,"['GI4', 'TR23', 'E2', 'Е1', 'PC9', 'PC3', 'РС6', 'РС8', 'V2', 'V1']"
http://www.eledia.ru/publ/49-1-0-1259,Ретинопатия (полная слепота),[]
http://www.eledia.ru/publ/51-1-0-1247,Родильная горячка,[]
http://www.eledia.ru/publ/50-1-0-708,Розовые угри,"['GI4', 'E36', 'GI11', 'P7', 'RP10', 'VG25', 'VB31']"
http://www.eledia.ru/publ/54-1-0-1268,Сексуальная гиперактивность,"['MC6', 'MC7']"
http://www.eledia.ru/publ/49-1-0-1267,Серпигинозный кератит,[]
http://www.eledia.ru/publ/54-1-0-1272,Сиалорея (птиализм),"['VC24', 'VC12', 'VC23', 'Е4', 'РС21', 'РС22', 'РС53', 'V20', 'R7', 'VB23']"
http://www.eledia.ru/publ/51-1-0-1077,Синдром менструального напряжения,[]
http://www.eledia.ru/publ/47-1-0-1303,Скованость языка,[]
http://www.eledia.ru/publ/49-1-0-1050,Слезотечение (эпифора),"['GI4', 'TR23', 'E2', 'Е8', 'V2', 'V1', 'PC3', 'РС6', 'PC9', 'PC9']"
http://www.eledia.ru/publ/54-1-0-1294,Солнечный удар,"['PC86', 'R1', 'MC8', 'Е1']"
http://www.eledia.ru/publ/46-1-0-1279,Сперматорея,"['Е30', 'RP6', 'RP9', 'RP8', 'VC3', 'VC4', 'VC6', 'V23', 'V27', 'V52', 'VG4', 'R11', 'F5']"
http://www.eledia.ru/publ/54-1-0-1330,СПОСОБ ЛЕЧЕНИЯ ИЗБЫТОЧНОЙ МАССЫ ТЕЛА С ПОМОЩЬЮ РЕФЛЕКСОТЕРАПИИ (ФИЛЛЕРОПУНКТУРА),[]
http://www.eledia.ru/publ/54-1-0-1331,СПОСОБ ЛЕЧЕНИЯ ИЗБЫТОЧНОЙ МАССЫ ТЕЛА С ПОМОЩЬЮ РЕФЛЕКСОТЕРАПИИ (ФИЛЛЕРОПУНКТУРА),[]
http://www.eledia.ru/publ/49-1-0-890,Стафилема,[]
http://www.eledia.ru/publ/47-1-0-1287,Стоматит,[]
http://www.eledia.ru/publ/53-1-0-1018,Судороги новорожденного,[]
http://www.eledia.ru/publ/54-1-0-992,Тепловой удар,[]
http://www.eledia.ru/publ/49-1-0-887,Тики мышц век (блефароспазм),"['E2', 'TR23']"
http://www.eledia.ru/publ/49-1-0-886,Трахома,[]
http://www.eledia.ru/publ/52-1-0-1249,Туберкулез легких,[]
http://www.eledia.ru/publ/50-1-0-598,Угри,[]
http://www.eledia.ru/publ/54-1-0-1290,Укрепление иммуннои системы,[]
http://www.eledia.ru/publ/46-1-0-1313,Уретрит,[]
http://www.eledia.ru/publ/54-1-0-1215,Устойчивая икота,[]
http://www.eledia.ru/publ/48-1-0-1275,"""Фарингит, ангина""",[]
http://www.eledia.ru/publ/50-1-0-1056,Фурункул на губах,[]
http://www.eledia.ru/publ/50-1-0-1196,Фурункул на ладони или руке,[]
http://www.eledia.ru/publ/50-1-0-1063,Фурункул на нижних конечностях,[]
http://www.eledia.ru/publ/50-1-0-1108,Фурункул на носу,[]
http://www.eledia.ru/publ/50-1-0-933,Фурункулы на лице,[]
http://www.eledia.ru/publ/50-1-0-858,Фурункулы на ягодицах,[]
http://www.eledia.ru/publ/48-1-0-1000,Хрипота,[]
http://www.eledia.ru/publ/46-1-0-877,Хроническая почечная недостаточность,[]
http://www.eledia.ru/publ/50-1-0-869,Хроническая экзема,[]
http://www.eledia.ru/publ/50-1-0-867,Хронический дерматит верхних конечностей,[]
http://www.eledia.ru/publ/46-1-0-872,Хроническое воспаление органов малого таза,[]
http://www.eledia.ru/publ/46-1-0-894,Цистит,[]
http://www.eledia.ru/publ/46-1-0-895,Цистит и пиелит,[]
http://www.eledia.ru/publ/52-1-0-1263,Чесотка,[]
http://www.eledia.ru/publ/54-1-0-1271,Шок,[]
http://www.eledia.ru/publ/48-1-0-921,"""Шум, звон в ушах""",[]
http://www.eledia.ru/publ/50-1-0-923,Экзема,[]
http://www.eledia.ru/publ/50-1-0-1195,Экзема ладони,[]
http://www.eledia.ru/publ/52-1-0-925,Энтерит,[]
http://www.eledia.ru/publ/46-1-0-926,Энурез,[]
http://www.eledia.ru/publ/46-1-0-927,Эпидидимит,[]
http://www.eledia.ru/publ/47-1-0-1309,Язвенный стоматит,[]
http://www.eledia.ru/publ/50-1-0-1269,Язвы голени,[]
http://www.eledia.ru/publ/49-1-0-1291,Ячмень на глазу,[]
